{
  "total_samples": 13500,
  "similarity_threshold": 0.75,
  "mean_similarity": 0.9529774188995361,
  "std_similarity": 0.04544349014759064,
  "min_similarity": 0.4429921805858612,
  "max_similarity": 0.9945629835128784,
  "num_outliers": 79,
  "outlier_indices": [
    8,
    133,
    424,
    723,
    861,
    1143,
    1199,
    1239,
    1261,
    1478,
    1497,
    1680,
    1777,
    1967,
    1991,
    2137,
    2212,
    2625,
    2660,
    3063,
    3182,
    3518,
    3635,
    4139,
    4207,
    4389,
    4510,
    4798,
    4812,
    4907,
    5247,
    5347,
    5475,
    5501,
    5673,
    5707,
    6034,
    6180,
    6330,
    6457,
    6507,
    6511,
    7202,
    7213,
    7311,
    7388,
    7469,
    8121,
    8156,
    8170,
    8309,
    8534,
    8616,
    9245,
    9352,
    9536,
    9556,
    9648,
    9668,
    9691,
    10241,
    10721,
    11083,
    11179,
    11785,
    11819,
    11943,
    12062,
    12068,
    12149,
    12407,
    12556,
    12597,
    12889,
    12900,
    13020,
    13108,
    13183,
    13410
  ],
  "failed_indices": []
}